Media Outlet,Publication URL,Region,Estimated Traffic/Views/Clicks,Estimated Views,Estimated Clicks,Publication Date,Feed Name,Headline
PRLog,https://news.google.com/rss/articles/CBMihgFBVV95cUxNMkpKMDFka2NyZFh1aHctd0tLMkdwZUhuODlTM01ZUlR3SjRITDR6YktoY0tQYzZ2dmRzUUVvM2k1dFY5NXZFTmFwZ2I1bnY1SFBvRVIwbjJiOVBFNm0zN1JxS0Y1ZFUwT3E3aGJSOElVWldCN29ES0pqY1NXSGFHajNvdW1Cdw?oc=5&hl=en-PK&gl=PK&ceid=PK:en,Global,,,,2025-10-20T18:32:23,PRLog,Seven Days Countdown to FILM & TAPE EXPO 2025 -- RX Kuozhan - PRLog
PRLog,https://news.google.com/rss/articles/CBMimAFBVV95cUxOUmZWaV9sTmFKZXc2dTBxc0p1SzRBQlFYdXVxREhmOGN3TG9KUWdrSElaWERSSzRkekpPS0twWWpzeWdlbWJIWVlaU3kyeDdKYnZTNkNzSFJ0Q190WTlYeU02UE9oUWt6UnZwV1lwQzdqVTMySTBidUNqYmxZdTl4NjlxYkJCQ0ptb3FwdFBOSC1kaG9WWlRIUg?oc=5&hl=en-PK&gl=PK&ceid=PK:en,Global,,,,2025-10-20T19:29:21,PRLog,Bay Street Yard announces lineup of Halloween festivities - PRLog
PRLog,https://news.google.com/rss/articles/CBMiogFBVV95cUxQelVCTm1nLTFVaXhhZXFfTGdoVDdvTks5dDBYcjR3bkQtZVhibG02dEY4emJMXzdFOFBWYkd4cFZSUW1VR3JDZFpGY3BmVld2QnhtM0pUS1F6bjdBWVJKRUtjbzdoZFlIei1DaTQ5SkRqY2k0eGtJZTZtMEd4RXpSUWNZSWVfQm80YjFjcGtqRkE4LTdyX2VEMFZYUVIzZTMwOHc?oc=5&hl=en-PK&gl=PK&ceid=PK:en,Global,,,,2025-10-13T10:06:24,PRLog,Edward Wojakovski: Lessons in Leadership and Personal Development -- Lilou - PRLog
PRLog,https://news.google.com/rss/articles/CBMiiAFBVV95cUxPaGp3Ym1LNUxQb3hUU09xS0RadW1udFZHQm9Qc1l1VEw4S1ZUUUZDeXZUUTM5WjRpSGtRQm42a3FmOXhlVE1ncUx2c1h3LWlxVFhURXRUWjJILTNEWGdJR3B0NUUtWHU1S280NFlLTTQwT21MTDYzX1B4TkEycjFlTjRRVmV5UjNu?oc=5&hl=en-PK&gl=PK&ceid=PK:en,Global,,,,2025-10-22T06:02:39,PRLog,Suncity Sector 78 Gurugram | Prime Living Space - PRLog
PRLog,https://news.google.com/rss/articles/CBMimwFBVV95cUxNbFctRkltRHVhWnpYanVEUUxBSWVXZmV3bDNaSk5rZTNiU3dNd1Ytd3BVNlJSUXQzYUg2eW5rNlk2VmYyNlNTLVh5ckxrb0FiTlhtU1JDU2dvMHhrTS1MLWdWQzhJV3Q3QUluZ0JodVBfSngxRHRpOFNmczRBRS1qODJ3bFpBYXB1cnBIUVAwMkJYV3kwZ19FMVYzRQ?oc=5&hl=en-PK&gl=PK&ceid=PK:en,Global,,,,2025-10-15T23:34:48,PRLog,"ENERICom Channel Releases EPISODE 5 ""Pure Michigan in Autumn"" -- ENERI Communications - PRLog"
PRLog,https://news.google.com/rss/articles/CBMiigFBVV95cUxOSDRGS3FOdkpkZGdjRUg1RXNfc2xLMFQtMjk3YktjVDhldFFsSVhtT0wwbklQQkhjbUtyVXRGQmlNSlRnUm45ekdObEJZanRDMmhCSG4xR0MzcFRrM2ZuOGkzSlY1NmtjYWZlWWJqWHRRZ3BnYjQtX1VzOWwybzNSaW9OZVRqTDFuX2c?oc=5&hl=en-PK&gl=PK&ceid=PK:en,Global,,,,2025-10-16T18:21:58,PRLog,Paumanok Vineyards: Long Island Wine Excellence! -- Mora’s Fine Wine & Spirits - PRLog
PRLog,https://news.google.com/rss/articles/CBMiggFBVV95cUxNR3BhZDM3TkdtNVJkb01QbV8xVHNCdHVvQnFxLUxWRjJiVmpTeFBpaEpLeXU3TW1uOGI5azNQNUFvNlJLaTRLem5yTFViZ0pYaDZnbkdzVTMxZWV5SUhNVURrdEczZUc0cGdsYUJjVHRINkY2REN6bnQza05rMV9pSWln?oc=5&hl=en-PK&gl=PK&ceid=PK:en,Global,,,,2025-10-22T11:35:35,PRLog,Understanding Travel Accounting Software -- Travelomatix - PRLog
PRLog,https://news.google.com/rss/articles/CBMioAFBVV95cUxNMWo1aW5OV0w4bWxuV0dieHNtRjV5QkNWQUhRVGN5VS04RWo1OUdSeTVHd0NzR0RMbTdTODAxZ3g1VGw0bWFkN3VmRkdFdzRkYXVuSTRwUlBvdjh5bVV6T0lwWFZweVZaQnpsTWx3MXIxOTR3eV85WE44cVZST2pYbmlhMVV0RHJUaTRkQktEdW4tQVd1Z3IyQjhjNlZBYmxQ?oc=5&hl=en-PK&gl=PK&ceid=PK:en,Global,,,,2025-10-17T12:24:25,PRLog,e AlbiCoins Tackles 'Quiet Quitting' by Fixing Recognition Failures -- AlbiMarketing - PRLog
PRLog,https://news.google.com/rss/articles/CBMikgFBVV95cUxOMTd2OWFUeEcwdzdOeU50MTU2MFYweFNiMWxvNENmekVmdjhQX1lIOFNFOF83QXkwdGEzbW8xOEJWVTltblVDNktCVkpsRGJIeFlGMGFGS212SGZlNGdNVlFUM3BKNkdDRDFld0F1ejBtbzZmc0o0WDYxZ3pZdWNuZWtEMEJNdTU3LTJwY2hFT2FpUQ?oc=5&hl=en-PK&gl=PK&ceid=PK:en,Global,,,,2025-10-20T10:23:55,PRLog,New JV Partner Program Changing AI Startups Fortunes -- Highvaluebrands.com - PRLog
PRLog,https://news.google.com/rss/articles/CBMif0FVX3lxTE5vYW1qeXVoMW9QM1R1Q25PQVRjakRhZ1gzMlZOZzE5NlJ1eENVQ1UtMnRKdzBtb3ZTbGNGcEpfZXNvTFhrS1RyUEpIaUEzX0l0eHJzMUhlcHlnQlp2N2MxODI5dnVlNl9PMl9hRk5fTlBqZGlfMU03dTlJOUVqeDg?oc=5&hl=en-PK&gl=PK&ceid=PK:en,Global,,,,2025-10-22T14:47:51,PRLog,Ash of Gods: Tactics — Relaunch on Mobile -- AurumDust - PRLog
PRLog,https://news.google.com/rss/articles/CBMiiAFBVV95cUxPZWlrQ1FKRFZDWmVGQnBkWmUtdnpmSW1LR3V0R3dBV3dCZEVxRXV5cUNZemVNdVRrZ2JoalRFVG92RUY1dlJjSExZRlN0a0doU3E3ZWs0TlhvbmZUOXZWR2ZJdXVqZ2xuUjlOZFJnbk9uLXczVnpHVjktaWVXbUN1U1RzTTk1c2RF?oc=5&hl=en-PK&gl=PK&ceid=PK:en,Global,,,,2025-10-18T08:57:00,PRLog,Best Crypto Presales in 2025: IONIX CHAIN $IONX -- ionixchain - PRLog
PRLog,https://news.google.com/rss/articles/CBMiggFBVV95cUxPSEswanB1RXRNTnRpZGRPY2pScUxqNkE1ODFiZ3hMWDBCeV9rN1U3TE1HTzJ5bW9DWHZGb0htMzI3Q3lBSXZEc1VMT2tlMkN0YVBoeGNYMFNwSWc2UzdoeElRLUVtTXB0cGFuRkxvZkZrS0F2R2RieGdwNjdLNkQwdHV3?oc=5&hl=en-PK&gl=PK&ceid=PK:en,Global,,,,2025-10-14T10:35:49,PRLog,JAIN Entrepreneurship Festival Week 2025 -- JAIN (Deemed-to-be University) - PRLog
PRLog,https://news.google.com/rss/articles/CBMigAFBVV95cUxPTnl0dXZMTHhHbkx4Nmh1akJHcFY2LXFvUVd4ckxfSGJkemozZEVlOUhLSHY2SXRKYm5MRC04U3lfTzFvYm5PUzhnWlRObXk0aFhhN0xQRDY4Ymd1NldZcmx3RUVXbzdBUnZfRzlWSE50eURBUVAycnNxeVZNZ0NDLQ?oc=5&hl=en-PK&gl=PK&ceid=PK:en,Global,,,,2025-10-14T13:28:39,PRLog,What Does Low Fare Calendar Mean On SAS? -- Airlines Group Travel - PRLog
PRLog,https://news.google.com/rss/articles/CBMiqAFBVV95cUxNclJYVXRQUzhCNkl0TGEwdHFRcUEzd09ObUFOckd1dGtsU0NBcHhPbmYtQzEyQmdzSkFzOVRhYjN5Sm1VdkdfNXgwYzNNN3VaOVhSVGVwNVVLblhxby1wOUMtQ01GZUpjS0ZpT09sa0xuT1NJTHk0bHd4dFJRQmlfakxnQk9wQ0kyQ1djN0tXdUNwaU9pRC01WDdmNmNMUmNWREJ1Qy1zRWs?oc=5&hl=en-PK&gl=PK&ceid=PK:en,Global,,,,2025-10-14T13:11:02,PRLog,MainConcept Completes Management Buyout to Become Independent Company - PRLog
PRLog,https://news.google.com/rss/articles/CBMiggFBVV95cUxNTGVnSGpWR19YV2pWcFJtUUNycWE0U0NkMFppVll3Q0owUHY4Vlp2dU9CcVgybUxXaGZHYVVrTEg3OThLVUxDRUdRWk53WmhmM0hZN0hSZHdBaEhZVkY1dFVXVnBMOTdKNXcwUnZjb2kydTJ0QVpCa2JRaS0xNmRxSm9n?oc=5&hl=en-PK&gl=PK&ceid=PK:en,Global,,,,2025-10-12T23:33:05,PRLog,Fall Car Show at Roy C. Ketcham High School - PRLog
PRLog,https://news.google.com/rss/articles/CBMingFBVV95cUxPbE1oN1BTU0g0dFJlQjFqOXN5anlXSUlrR2NQRjFYN3FWN2ZuVHVmYXZhajZwOTJ0LUkzbnRCa0xhRDMxdEx5M3N6aEhyTG8zNWRZNDdrOWduQUZ1RE5IV0VFLTRqczF4bnN0bjJGTnIwZWRtT050dTVQSWRlM05DTGp4TGRsX05YTmNBRUo3cHZvNVByb0ZwZkFvZlZMZw?oc=5&hl=en-PK&gl=PK&ceid=PK:en,Global,,,,2025-10-14T07:47:15,PRLog,Stosa Cucine NYC Unveils Its Premier Italian Kitchen Showroom - PRLog
PRLog,https://news.google.com/rss/articles/CBMiiwFBVV95cUxQOE91R3B3cVZtbEVwbFVWeWJ3YWhPQ29feFAySDIxTzlRb284NjdHMEkxNkdYWmRUbFZLUDMzVUR5Zm5TNjRpZzBLemxlR0pqOWdZMk02ZzloTlg5TmdVdmEyNkJDOGVqNlZ5MGJrcUJ3Q2RkZWl1em1SRGVxMjEyVVg4WEM0Y2hrSHpJ?oc=5&hl=en-PK&gl=PK&ceid=PK:en,Global,,,,2025-10-20T17:35:39,PRLog,The AI Journal Publishes Groundbreaking Article -- Tax Stack AI - PRLog
PRLog,https://news.google.com/rss/articles/CBMisAFBVV95cUxPU0ExWVBjcUlJVzloeHh3S1dCNFBwM3gtQ2ZfWEM1UHRRWDY0TEtraHhrOXhGWGtvVmgzV3Axcy1mVjMtMklvWVNfNUVSbmxvWUx3YW15Qk85UC1ZODJrUkZtV1JqSEJIdlp0S0p0MnBIbTloNXU4akt5ekVTX2xiRVpuRHJfaWFuUjNPRmtRSEtpcmY3bFo0Y3NzbnpRUHllSmlRWGtvZl9GOVBUZXlseg?oc=5&hl=en-PK&gl=PK&ceid=PK:en,Global,,,,2025-10-16T10:18:18,PRLog,Improved Packaging: Ceresana Online Event on Packaging Made from Bioplastics - PRLog
PRLog,https://news.google.com/rss/articles/CBMiuwFBVV95cUxONkJJZzRsd2Rwdk5rZWktdmhvZFVoUXA0aVdoUG14ODEyOEZjdElyUTNkZEhDUUNNZ3VVaHdBLVl4VnNqVUJaYzNpTnFqV2g0QmlkMVhzVUoxQ3RuclBNN3dROFpkazBhT0JwZ2l0c05GSXo2LXhuM0ZzVHprTVp0RC1WUUt3ZFRFZ3MtNlVOckFjRTJWdTg4a1U2b09oMU0zaWI1empJQjBGRG51eHpTaUhEdExMcTBsc1kw?oc=5&hl=en-PK&gl=PK&ceid=PK:en,Global,,,,2025-10-13T09:32:10,PRLog,Secuodsoft Introduces FRANS: Face Recognition Attendance System for Modern Workplace - PRLog
PRLog,https://news.google.com/rss/articles/CBMiuAFBVV95cUxQajJOUTZBNlpQQVdEc3RUX3ZRT3FsMlB2VVpMN2tjR1Z1RXhZMjh3TUNMX2ZEZm45R2hZNFVrT20tTEE4eUl1aEtNWWFSeVNnRXdPT25oS0ZJcml5aUdKYWRNLUN2Q2FteldFUnAwZVpwLU9wbEJZa05VWmpmLWVGWEpUdmpEUVZRSEtXZGJTOV9Ea3dzZTF2SmVUdTVaU1hpVkdvMDBpTmRQRnVuT0xKM1llRXl1bDB2?oc=5&hl=en-PK&gl=PK&ceid=PK:en,Global,,,,2025-10-13T14:47:25,PRLog,Empcloud Unveils Innovative Solutions Empowering Teams Toward Professional Growth - PRLog
